Gene	Geneid	baseMean	log2FoldChange	lfcSE	stat	pvalue	padj
Eurotiales	Eurotiales	20.36023762341117	-0.6826057401615199	0.3273279531849413	-2.0853878610723036	0.03703410782127727	0.03703410782127727
Glomerellales	Glomerellales	46.935262457073435	2.2511868048959034	0.4704319089663336	4.78536162617534	1.7067974282530097e-6	2.2757299043373463e-6
Helotiales	Helotiales	9.086308848766851	-1.796267824167558	0.2931562569952094	-6.12733919643718	8.936083628048336e-10	2.1446600707316007e-9
Hypocreales	Hypocreales	52.25658820864023	2.0483301129847593	0.254854947589295	8.037238956356044	9.188537378691012e-16	5.513122427214607e-15
Magnaporthales	Magnaporthales	5.136930001189815	2.4456014577806378	0.3576228374115123	6.838493524300612	8.00302808932245e-12	2.400908426796735e-11
Malasseziales	Malasseziales	183.00800665671628	-1.098432948017522	0.40998120033731983	-2.6792276014455427	0.0073792216475648716	0.008050059979161677
Mycosphaerellales	Mycosphaerellales	9.528849778728514	-2.042179961186989	0.2618307040875161	-7.799619866218581	6.209393480367955e-15	2.483757392147182e-14
Saccharomycetales	Saccharomycetales	1391.52862396535	-1.3656034956945409	0.34699963120478783	-3.9354609425754874	8.303716835792019e-5	9.964460202950422e-5
Schizosaccharomycetales	Schizosaccharomycetales	7.198794111912175	-1.4803133995177666	0.2830843898322449	-5.229230055373229	1.7021744361105707e-7	2.553261654165856e-7
Sordariales	Sordariales	11.008342020776325	3.135602774133287	0.25837671731027323	12.135779132017841	6.825720131467165e-34	8.190864157760597e-33
Tremellales	Tremellales	24.992440791681965	-2.2513750260798804	0.4244700875357599	-5.303966268035816	1.133132601554952e-7	1.9425130312370606e-7
Ustilaginales	Ustilaginales	880.5785279470349	-2.173482159045693	0.36911846728229364	-5.888305115288263	3.901762851518584e-9	7.803525703037168e-9
