Gene	Geneid	baseMean	log2FoldChange	lfcSE	stat	pvalue	padj
Eurotiales	Eurotiales	20.32115677366812	-5.167850317690575	0.7222565587101094	-7.155144879431664	8.358459796315906e-13	1.0030151755579086e-11
Glomerellales	Glomerellales	49.237254551904606	0.04426759585214966	1.023526040625198	0.043250092420814026	0.9655021744417093	0.9655021744417093
Helotiales	Helotiales	9.072762111002449	-2.3119938440572136	0.6580065039090714	-3.5136337259923245	4.420218572939264e-4	0.0026521311437635586
Hypocreales	Hypocreales	52.97762111589181	0.1910334867215105	0.5663865269495381	0.3372846592068221	0.7359023230558601	0.9655021744417093
Magnaporthales	Magnaporthales	5.1319560629193886	1.0626849044127513	0.7496234097036941	1.417625024320948	0.1563002701496847	0.3126005402993694
Malasseziales	Malasseziales	190.8805987516632	0.9994895946199859	0.9414063062775496	1.0616984270820382	0.28837261365496564	0.49435305197994106
Mycosphaerellales	Mycosphaerellales	9.143910003591307	-1.8349564820735713	0.5653847339361838	-3.24550058028395	0.001172443255574736	0.0033860347549931023
Saccharomycetales	Saccharomycetales	1459.783079333622	-0.18670823758156777	0.8074394994604497	-0.23123495655876466	0.8171322743844714	0.9655021744417093
Schizosaccharomycetales	Schizosaccharomycetales	7.3309730824098125	0.06160848439580177	0.8065843615079981	0.07638194755055497	0.9391152314120835	0.9655021744417093
Sordariales	Sordariales	10.096111392458377	1.8240947153281843	0.5603222104610944	3.255438890825191	0.0011321725787560302	0.0033860347549931023
Tremellales	Tremellales	25.395871486871357	-0.6102408603741675	1.0077687135130122	-0.6055366198528925	0.5448225004522274	0.817233750678341
Ustilaginales	Ustilaginales	930.1365199173523	2.790635950761018	0.8741436695222398	3.192422536545086	0.0014108478145804593	0.0033860347549931023
