Gene	Geneid	baseMean	log2FoldChange	lfcSE	stat	pvalue	padj
Eurotiales	Eurotiales	20.36023762341117	-4.565159299378264	0.7612040493943606	-5.9972871965282595	2.0064103484427763e-9	2.4076924181313315e-8
Glomerellales	Glomerellales	46.935262457073435	-2.1600882696890307	1.079132531294975	-2.0016895117570894	0.0453181351196785	0.1087635242872284
Helotiales	Helotiales	9.086308848766851	-0.9452944452105146	0.6975008009176725	-1.3552592971460828	0.17533495822887743	0.2104019498746529
Hypocreales	Hypocreales	52.25658820864023	-1.702772166455988	0.5981380097987729	-2.84678809666157	0.004416274845732413	0.017665099382929653
Magnaporthales	Magnaporthales	5.136930001189815	-1.3604213439158415	0.8147459860626401	-1.6697490594464226	0.09496902283479022	0.14245353425218532
Malasseziales	Malasseziales	183.00800665671628	2.2514910130140673	0.9809199860330546	2.295285084484146	0.021716791835840295	0.06515037550752088
Mycosphaerellales	Mycosphaerellales	9.528849778728514	-0.15035209527245574	0.6333659596184216	-0.2373858161923275	0.8123574923349717	0.8123574923349717
Saccharomycetales	Saccharomycetales	1391.52862396535	1.2120117632113785	0.8384612001518201	1.4455191999247188	0.14831210397717917	0.1977494719695722
Schizosaccharomycetales	Schizosaccharomycetales	7.198794111912175	1.4281751187628775	0.8349298959228132	1.7105329749683655	0.08716736114339767	0.14245353425218532
Sordariales	Sordariales	11.008342020776325	-1.1490434146047486	0.6059582770540551	-1.8962418009882998	0.05792807809112583	0.11585615618225166
Tremellales	Tremellales	24.992440791681965	1.352964238310659	1.0504506483513547	1.2879845811262898	0.19775133055686447	0.21572872424385214
Ustilaginales	Ustilaginales	880.5785279470349	5.187283865882765	0.9223137393401046	5.6242075170582995	1.863615146516428e-8	1.1181690879098569e-7
