Gene	Geneid	baseMean	log2FoldChange	lfcSE	stat	pvalue	padj
Eurotiales	Eurotiales	20.36023762341117	-0.5969697061161797	0.323459568771316	-1.8455775118473425	0.06495357425884102	0.06495357425884102
Glomerellales	Glomerellales	46.935262457073435	2.1959561641699117	0.4641398259192103	4.73123839313058	2.2315426812517453e-6	3.6196564696700456e-6
Helotiales	Helotiales	9.086308848766851	-1.3749702114017206	0.29308936512057887	-4.691300248427809	2.7147423522525343e-6	3.6196564696700456e-6
Hypocreales	Hypocreales	52.25658820864023	1.8871182757932534	0.25264551682926567	7.469431080657338	8.05422790165112e-14	4.832536740990672e-13
Magnaporthales	Magnaporthales	5.136930001189815	2.4133964789214817	0.35650405072714136	6.769618673333478	1.2912226363098401e-11	5.1648905452393606e-11
Malasseziales	Malasseziales	183.00800665671628	-1.2708575578374257	0.4046016766642595	-3.141009123627507	0.0016836678731575825	0.0018367285888991809
Mycosphaerellales	Mycosphaerellales	9.528849778728514	-1.6850400918559654	0.26197428925569494	-6.432081929274038	1.2586785989710525e-10	3.0208286375305257e-10
Saccharomycetales	Saccharomycetales	1391.52862396535	-1.408475966959594	0.3420601512194812	-4.117626569298487	3.8279430513374465e-5	4.593531661604936e-5
Schizosaccharomycetales	Schizosaccharomycetales	7.198794111912175	-1.3745591382620632	0.28214267883337046	-4.871858252518608	1.1055347667769833e-6	2.2110695335539665e-6
Sordariales	Sordariales	11.008342020776325	2.9636247829318556	0.2575882097634443	11.505281183690416	1.2408428258850702e-30	1.489011391062084e-29
Tremellales	Tremellales	24.992440791681965	-1.9735811438973074	0.42006602253537334	-4.698264172820867	2.623819180424747e-6	3.6196564696700456e-6
Ustilaginales	Ustilaginales	880.5785279470349	-2.4040171839226065	0.3647796956484284	-6.590326195785793	4.388612821026395e-11	1.3165838463079184e-10
