Gene	Geneid	baseMean	log2FoldChange	lfcSE	stat	pvalue	padj
Eurotiales	Eurotiales	20.36023762341117	1.2639852221904655	0.7010475102204067	1.8029950948589395	0.07138898502932028	0.12238111719312048
Glomerellales	Glomerellales	46.935262457073435	-1.207399308948988	0.8732755305041511	-1.382609802718214	0.16678454169222479	0.23472537524174297
Helotiales	Helotiales	9.086308848766851	0.8006722433666602	0.6582904429042916	1.216290243914523	0.22387437666245266	0.24453279909726905
Hypocreales	Hypocreales	52.25658820864023	1.2258160978077375	0.6149146052492853	1.9934737073138695	0.04620959984037652	0.09241919968075304
Magnaporthales	Magnaporthales	5.136930001189815	-3.020769247746756	0.6582728159395623	-4.588932088035822	4.455193290997876e-6	1.7820773163991504e-5
Malasseziales	Malasseziales	183.00800665671628	5.540980153808181	0.8188195043529722	6.767034889070748	1.3144838777752615e-11	7.886903266651569e-11
Mycosphaerellales	Mycosphaerellales	9.528849778728514	2.059845570887728	0.6275323375527788	3.2824532659474044	0.0010290804205426278	0.0024697930093023064
Saccharomycetales	Saccharomycetales	1391.52862396535	2.7742089453746246	0.7305162541757767	3.7976005729053837	1.4610350376487464e-4	4.3831051129462396e-4
Schizosaccharomycetales	Schizosaccharomycetales	7.198794111912175	-0.4806348993632957	0.630217417035475	-0.7626493434982942	0.4456725486470298	0.4456725486470298
Sordariales	Sordariales	11.008342020776325	-0.7299409472572108	0.6005008922814936	-1.2155534765051443	0.2241550658391633	0.24453279909726905
Tremellales	Tremellales	24.992440791681965	1.1235663856631082	0.8304037217028736	1.3530363078805312	0.17604403143130723	0.23472537524174297
Ustilaginales	Ustilaginales	880.5785279470349	5.564418423302729	0.7637597507773644	7.285561222150281	3.2033396203753604e-13	3.844007544450432e-12
