Gene	Geneid	baseMean	log2FoldChange	lfcSE	stat	pvalue	padj
Eurotiales	Eurotiales	20.36023762341117	0.6670155160742859	0.6494490924696669	1.0270481917802348	0.304397772185773	0.3652773266229276
Glomerellales	Glomerellales	46.935262457073435	0.9885568552209237	0.7819586938383039	1.2642059778995705	0.2061561057749584	0.35341046704278584
Helotiales	Helotiales	9.086308848766851	-0.5742979680350604	0.6135487032649297	-0.9360267000467917	0.34925944081143745	0.38101029906702266
Hypocreales	Hypocreales	52.25658820864023	3.1129343736009907	0.578153802376735	5.384266886776521	7.27405069033114e-8	4.3644304141986844e-7
Magnaporthales	Magnaporthales	5.136930001189815	-0.6073727688252741	0.5720182040270374	-1.0618067127048383	0.2883234417816568	0.3652773266229276
Malasseziales	Malasseziales	183.00800665671628	4.270122595970755	0.749535560581878	5.69702469173815	1.2191627655567566e-8	1.462995318668108e-7
Mycosphaerellales	Mycosphaerellales	9.528849778728514	0.3748054790317625	0.5905905286405886	0.6346283268282061	0.5256708488823559	0.5256708488823559
Saccharomycetales	Saccharomycetales	1391.52862396535	1.3657329784150307	0.6756028586178574	2.0215026638712508	0.04322775686675786	0.08645551373351572
Schizosaccharomycetales	Schizosaccharomycetales	7.198794111912175	-1.8551940376253588	0.5850767895236824	-3.1708556395403984	0.0015199065582844537	0.0036477757398826888
Sordariales	Sordariales	11.008342020776325	2.233683835674645	0.5575331544125071	4.006369519007993	6.165916174624387e-5	1.849774852387316e-4
Tremellales	Tremellales	24.992440791681965	-0.8500147582341991	0.7578375180543131	-1.1216319303068336	0.26201896954895193	0.3652773266229276
Ustilaginales	Ustilaginales	880.5785279470349	3.160401239380122	0.7037230961019545	4.490972737552793	7.08986266526931e-6	2.835945066107724e-5
