Gene	Geneid	baseMean	log2FoldChange	lfcSE	stat	pvalue	padj
Eurotiales	Eurotiales	20.32115677366812	-5.846568252769888	0.9553640713362295	-6.119727994996219	9.373522449523437e-10	1.1248226939428123e-8
Glomerellales	Glomerellales	49.237254551904606	-0.955273035047977	1.2676356335928094	-0.7535864484500838	0.45109758407897715	0.6014634454386362
Helotiales	Helotiales	9.072762111002449	-1.7467262764100846	0.8840733397109071	-1.9757707850134536	0.04818074370877645	0.10674999517165532
Hypocreales	Hypocreales	52.97762111589181	-2.9330467146886368	0.7984520030280526	-3.6734164402685927	2.3932896395793338e-4	0.0014359737837476003
Magnaporthales	Magnaporthales	5.1319560629193886	1.6589527348547282	0.9324862780943093	1.7790639646141215	0.07522927574933982	0.12896447271315398
Malasseziales	Malasseziales	190.8805987516632	-3.2830441136079815	1.1851474150810175	-2.770156751667513	0.005602932092044272	0.016808796276132815
Mycosphaerellales	Mycosphaerellales	9.143910003591307	-2.2161740380145676	0.7949696025207735	-2.787746891185888	0.005307599406147563	0.016808796276132815
Saccharomycetales	Saccharomycetales	1459.783079333622	-1.5621819084268296	1.0381893449518442	-1.5047177242021208	0.13239666426834598	0.198594996402519
Schizosaccharomycetales	Schizosaccharomycetales	7.3309730824098125	1.9036764188676998	0.9854037705600307	1.9318745023532746	0.05337499758582766	0.10674999517165532
Sordariales	Sordariales	10.096111392458377	-0.42249192962088744	0.7791170120061728	-0.5422701893429329	0.5876323887176074	0.7051588664611288
Tremellales	Tremellales	25.395871486871357	0.2266440231699849	1.24030391492479	0.18273265160477076	0.8550077948191912	0.8550077948191912
Ustilaginales	Ustilaginales	930.1365199173523	-0.3847973080017602	1.1023496715661572	-0.34907009810694783	0.7270366845452942	0.7931309285948663
