Gene	Geneid	baseMean	log2FoldChange	lfcSE	stat	pvalue	padj
Eurotiales	Eurotiales	20.36023762341117	-0.22560017093971	0.2319134658825454	-0.9727773679772745	0.3306639632386055	0.7935935117726531
Glomerellales	Glomerellales	46.935262457073435	-0.11832670326394291	0.3198069775584243	-0.3699941263549394	0.7113868668368536	0.8848631410803697
Helotiales	Helotiales	9.086308848766851	-0.4044361019802289	0.21210585875948235	-1.9067653498380712	0.05655098022797036	0.22620392091188143
Hypocreales	Hypocreales	52.25658820864023	-0.5876076504491311	0.17801729113357936	-3.300845927422894	9.639380124986319e-4	0.005783628074991791
Magnaporthales	Magnaporthales	5.136930001189815	0.10090495605879993	0.18624307139334267	0.5417917311172887	0.5879619883768055	0.8819429825652082
Malasseziales	Malasseziales	183.00800665671628	0.4246124840456211	0.29575463857308976	1.4356917142338808	0.1510900840065584	0.4532702520196752
Mycosphaerellales	Mycosphaerellales	9.528849778728514	-0.7908267584716956	0.19153552662007903	-4.128877667903056	3.645382798868273e-5	4.3744593586419274e-4
Saccharomycetales	Saccharomycetales	1391.52862396535	-0.03811939964324054	0.24804132766646964	-0.15368164652988003	0.8778607567983305	0.8848631410803697
Schizosaccharomycetales	Schizosaccharomycetales	7.198794111912175	0.027936446175205635	0.19292173907991908	0.14480714464030817	0.8848631410803697	0.8848631410803697
Sordariales	Sordariales	11.008342020776325	-0.11368556653697619	0.1633827272996878	-0.6958236553882855	0.48653927303102845	0.8819429825652082
Tremellales	Tremellales	24.992440791681965	0.05972920059324378	0.3020020951495016	0.19777743781438248	0.8432191994898532	0.8848631410803697
Ustilaginales	Ustilaginales	880.5785279470349	0.16956208452752006	0.2677367501559674	0.6333164364949652	0.5265270219115754	0.8819429825652082
