Gene	Geneid	baseMean	log2FoldChange	lfcSE	stat	pvalue	padj
Eurotiales	Eurotiales	20.36023762341117	1.536063423447225	0.4385595416429959	3.5025196754187577	4.608797431434274e-4	0.0018435189725737097
Glomerellales	Glomerellales	46.935262457073435	0.6696171002116379	0.6039431945177831	1.108741858986079	0.2675415585874006	0.3567220781165341
Helotiales	Helotiales	9.086308848766851	0.901948495397564	0.3867545903508941	2.3320951267294476	0.019695687368767756	0.03939137473753551
Hypocreales	Hypocreales	52.25658820864023	-2.717763810169974	0.33524022766086814	-8.106914343583155	5.192143597212943e-16	6.230572316655531e-15
Magnaporthales	Magnaporthales	5.136930001189815	-0.9329160354954732	0.330031310271686	-2.8267500884309578	0.004702301001839782	0.011285522404415476
Malasseziales	Malasseziales	183.00800665671628	1.1639644128741307	0.5628208389712126	2.0680904690767243	0.03863151676270596	0.06622545730749592
Mycosphaerellales	Mycosphaerellales	9.528849778728514	1.1617333398631087	0.3523592196667814	3.2970141691247217	9.771857134489614e-4	0.002931557140346884
Saccharomycetales	Saccharomycetales	1391.52862396535	0.4879742111825974	0.47268859822720916	1.0323375960679315	0.3019139946077102	0.3622967935292522
Schizosaccharomycetales	Schizosaccharomycetales	7.198794111912175	0.5548746694186579	0.3510628547990919	1.580556478230101	0.11397948363288303	0.17096922544932455
Sordariales	Sordariales	11.008342020776325	-0.2054638092817515	0.302533229414732	-0.6791446006748849	0.4970462451152156	0.542232267398417
Tremellales	Tremellales	24.992440791681965	2.070622686495606	0.5739523760557496	3.607655918641028	3.0897586478079284e-4	0.0018435189725737097
Ustilaginales	Ustilaginales	880.5785279470349	-0.26340518105188243	0.5068222198208715	-0.5197190863987355	0.6032593819658063	0.6032593819658063
