Gene	Geneid	baseMean	log2FoldChange	lfcSE	stat	pvalue	padj
Eurotiales	Eurotiales	20.36023762341117	0.7518811638777068	0.24626493832551818	3.053139310005448	0.002264607803870523	0.009058431215482093
Glomerellales	Glomerellales	46.935262457073435	0.45997748675846306	0.33999362208410117	1.352900339538377	0.17608747092785146	0.4226099302268435
Helotiales	Helotiales	9.086308848766851	0.7952923929144173	0.2221352993217381	3.5802161806013792	3.433100606492289e-4	0.002059860363895373
Hypocreales	Hypocreales	52.25658820864023	0.21579399925105994	0.1886734921241279	1.143743070749385	0.252730205540894	0.505460411081788
Magnaporthales	Magnaporthales	5.136930001189815	0.15829750606865226	0.1956902905900263	0.8089185497725464	0.4185619982506824	0.6278429973760236
Malasseziales	Malasseziales	183.00800665671628	-0.3118500177617091	0.31394936582693667	-0.9933130998379376	0.32055739556850843	0.5495269638317287
Mycosphaerellales	Mycosphaerellales	9.528849778728514	1.0465002640958765	0.2008258495262048	5.210983877647303	1.8784177738585607e-7	2.254101328630273e-6
Saccharomycetales	Saccharomycetales	1391.52862396535	0.1385253940352436	0.2641920322341867	0.5243360023532091	0.6000448603065891	0.7200538323679069
Schizosaccharomycetales	Schizosaccharomycetales	7.198794111912175	-0.379725912362709	0.20489928364759677	-1.8532320152753385	0.06384911072834944	0.19154733218504832
Sordariales	Sordariales	11.008342020776325	0.008792136866900179	0.17228849588985679	0.05103147962079227	0.9593004361100309	0.9593004361100309
Tremellales	Tremellales	24.992440791681965	0.07166401190843397	0.3211548665305657	0.2231447173216458	0.8234228762519594	0.8982795013657738
Ustilaginales	Ustilaginales	880.5785279470349	-0.1745307242296033	0.28390436174825806	-0.6147518240116442	0.5387186292915266	0.7182915057220354
