Gene	Geneid	baseMean	log2FoldChange	lfcSE	stat	pvalue	padj
Eurotiales	Eurotiales	20.36023762341117	0.526288272704063	0.22374529019853812	2.35217587032588	0.01866394810013282	0.17919425507359452
Glomerellales	Glomerellales	46.935262457073435	0.3416509409737314	0.30913888379175286	1.1051697437190717	0.26908604452140766	0.4612903620366988
Helotiales	Helotiales	9.086308848766851	0.3907280521637785	0.20133495180557107	1.9406866451141782	0.052296297230363685	0.18245758149911864
Hypocreales	Hypocreales	52.25658820864023	-0.3719121485222171	0.17124077023416248	-2.1718668282888904	0.029865709178932418	0.17919425507359452
Magnaporthales	Magnaporthales	5.136930001189815	0.2591712029442714	0.17955978790342297	1.4433699547677554	0.14891628312580132	0.31845099422360834
Malasseziales	Malasseziales	183.00800665671628	0.11280241166306755	0.28574801334121663	0.3947618404904472	0.6930186592926099	0.7560203555919379
Mycosphaerellales	Mycosphaerellales	9.528849778728514	0.25533218235871596	0.1813849513779275	1.4076811798279478	0.15922549711180417	0.31845099422360834
Saccharomycetales	Saccharomycetales	1391.52862396535	0.10040361975398504	0.24025347892062762	0.41790703803775225	0.6760150865488528	0.7560203555919379
Schizosaccharomycetales	Schizosaccharomycetales	7.198794111912175	-0.3518127614158948	0.1876527259316487	-1.8748076249318133	0.06081919383303955	0.18245758149911864
Sordariales	Sordariales	11.008342020776325	-0.10479686804808812	0.15682452984174203	-0.6682428326349383	0.5039785982449398	0.7559678973674098
Tremellales	Tremellales	24.992440791681965	0.13138845575220237	0.2922339966745434	0.44960017399525115	0.6529987626150874	0.7560203555919379
Ustilaginales	Ustilaginales	880.5785279470349	-0.005553681664229627	0.25842839091688846	-0.02149021492772329	0.9828546090184178	0.9828546090184178
