Gene	Geneid	baseMean	log2FoldChange	lfcSE	stat	pvalue	padj
Eurotiales	Eurotiales	20.36023762341117	-1.009775150743162	0.43053722281095247	-2.3453840858414026	0.019007487783861195	0.03801497556772239
Glomerellales	Glomerellales	46.935262457073435	-0.32796615923790656	0.5928159594658596	-0.5532343622014012	0.5801029401493709	0.6589782099060082
Helotiales	Helotiales	9.086308848766851	-0.5112204432337856	0.3799420634566898	-1.3455221003505984	0.17845668922391963	0.26768503383587944
Hypocreales	Hypocreales	52.25658820864023	2.3458516616477567	0.32876107833832946	7.135430001338634	9.648505112258048e-13	1.1578206134709657e-11
Magnaporthales	Magnaporthales	5.136930001189815	1.1920872384397445	0.32437219147165214	3.6750599150665004	2.377936037454818e-4	0.0014267616224728909
Malasseziales	Malasseziales	183.00800665671628	-1.0511620012110632	0.552234349776526	-1.9034708754289542	0.05697913050457091	0.09767850943640727
Mycosphaerellales	Mycosphaerellales	9.528849778728514	-0.9064011575043928	0.34590383322030716	-2.6203848308529825	0.008783059121285297	0.02107934189108471
Saccharomycetales	Saccharomycetales	1391.52862396535	-0.38757059142861233	0.4637922576264808	-0.8356555872925885	0.403348687274776	0.5377982496997014
Schizosaccharomycetales	Schizosaccharomycetales	7.198794111912175	-0.9066874308345527	0.34384155738496225	-2.6369338183849393	0.00836591517209187	0.02107934189108471
Sordariales	Sordariales	11.008342020776325	0.10066694123366339	0.2967374877575856	0.33924578250760634	0.734424582533203	0.734424582533203
Tremellales	Tremellales	24.992440791681965	-1.9392342307434034	0.5632256470069191	-3.443085805926697	5.75116808458216e-4	0.002300467233832864
Ustilaginales	Ustilaginales	880.5785279470349	0.25785149938765284	0.49723941233464164	0.5185660930958527	0.6040633590805076	0.6589782099060082
