Gene	Geneid	baseMean	log2FoldChange	lfcSE	stat	pvalue	padj
Eurotiales	Eurotiales	20.32115677366812	0.6014040204478962	0.31737954808428226	1.8949047727807256	0.058105018759964044	0.1394520450239137
Glomerellales	Glomerellales	49.237254551904606	0.7953338562667256	0.43939028200492247	1.8100852222712915	0.07028257227680045	0.1405651445536009
Helotiales	Helotiales	9.072762111002449	1.1029603606151657	0.28032221640954236	3.934616295284187	8.332971351096624e-5	4.999782810657975e-4
Hypocreales	Hypocreales	52.97762111589181	0.22140630891407098	0.2442032485005091	0.906647680870672	0.3645931387816988	0.4375117665380385
Magnaporthales	Magnaporthales	5.1319560629193886	0.2210485500159311	0.23835940766789163	0.9273749762120574	0.3537318784738332	0.4375117665380385
Malasseziales	Malasseziales	190.8805987516632	-0.6364286711866248	0.4118757629940061	-1.5451957322283287	0.12229892635503996	0.20965530232292562
Mycosphaerellales	Mycosphaerellales	9.143910003591307	1.4560838904260853	0.24078450071690055	6.04724924607194	1.4733972905266397e-9	1.7680767486319675e-8
Saccharomycetales	Saccharomycetales	1459.783079333622	0.39634549015119985	0.3456449094237614	1.1466840081977872	0.2515122421347155	0.37726836320207324
Schizosaccharomycetales	Schizosaccharomycetales	7.3309730824098125	-0.5184559179568341	0.25315939835900453	-2.047942605795	0.04056562348488282	0.12169687045464847
Sordariales	Sordariales	10.096111392458377	-0.026313339075434046	0.21705424365874357	-0.12122932328752038	0.9035093987728531	0.9035093987728531
Tremellales	Tremellales	25.395871486871357	-0.9475619164328684	0.4168743215526342	-2.2730157926343515	0.023025228263159916	0.09210091305263966
Ustilaginales	Ustilaginales	930.1365199173523	-0.1886252492053156	0.36503151306571063	-0.5167368910731838	0.6053398397704481	0.6603707342950342
