Gene	Geneid	baseMean	log2FoldChange	lfcSE	stat	pvalue	padj
Eurotiales	Eurotiales	20.32115677366812	1.6244535079958669	0.46726791644168825	3.4764927161409065	5.080180277950031e-4	0.0020320721111800125
Glomerellales	Glomerellales	49.237254551904606	0.8994745439165542	0.6463280418634122	1.391668758983908	0.1640227268198847	0.17893388380351055
Helotiales	Helotiales	9.072762111002449	1.1233266005670288	0.41177655009122577	2.728000417503534	0.006371952737718753	0.019115858213156256
Hypocreales	Hypocreales	52.97762111589181	-2.6385715259768237	0.35894744858472055	-7.350857448298744	1.9693936852509336e-13	2.3632724223011206e-12
Magnaporthales	Magnaporthales	5.1319560629193886	-0.8906060312992466	0.3476313688243563	-2.5619265439455576	0.010409333193408893	0.02498239966418134
Malasseziales	Malasseziales	190.8805987516632	0.9240510662639564	0.6063379308913834	1.52398690430846	0.12751198257828386	0.15301437909394064
Mycosphaerellales	Mycosphaerellales	9.143910003591307	1.5200290486891708	0.3539235379381066	4.294795021389592	1.748548167708247e-5	1.0491289006249482e-4
Saccharomycetales	Saccharomycetales	1459.783079333622	0.63179359305624	0.5086375346950762	1.2421293159872577	0.21418885375456362	0.21418885375456362
Schizosaccharomycetales	Schizosaccharomycetales	7.3309730824098125	0.5947948331205597	0.372468670431161	1.5968989618161418	0.11028823126729607	0.15301437909394064
Sordariales	Sordariales	10.096111392458377	-0.5095146675057318	0.318567818445671	-1.5993915204357818	0.1097336352434439	0.15301437909394064
Tremellales	Tremellales	25.395871486871357	1.199650056988882	0.6142028129832422	1.9531822903286067	0.05079799878855097	0.10159599757710194
Ustilaginales	Ustilaginales	930.1365199173523	-0.8338766855114405	0.5367303408851891	-1.5536231548531245	0.12027433279935132	0.15301437909394064
