Gene	Geneid	baseMean	log2FoldChange	lfcSE	stat	pvalue	padj
Eurotiales	Eurotiales	20.36023762341117	-1.009750368406326	0.43098717518061647	-2.342877993952288	0.01913563945073696	0.03827127890147392
Glomerellales	Glomerellales	46.935262457073435	-0.32796605564211345	0.5928083840510939	-0.5532412571510564	0.5800982194270596	0.6757451506545414
Helotiales	Helotiales	9.086308848766851	-0.5109070565144962	0.3839077998820768	-1.3308066589723606	0.18325263630994137	0.27487895446491206
Hypocreales	Hypocreales	52.25658820864023	2.345952762237033	0.33087818872537583	7.090079800286081	1.3403468913890584e-12	1.60841626966687e-11
Magnaporthales	Magnaporthales	5.136930001189815	1.19192117426611	0.324872112358896	3.668893478149207	2.4360254578031213e-4	0.0014616152746818728
Malasseziales	Malasseziales	183.00800665671628	-1.0511714741066516	0.5545113301319501	-1.8956717689727234	0.058003460590490476	0.09943450386941224
Mycosphaerellales	Mycosphaerellales	9.528849778728514	-0.905557772531736	0.35025154243667145	-2.5854497776993197	0.009725203977985174	0.023340489547164417
Saccharomycetales	Saccharomycetales	1391.52862396535	-0.38756909201533646	0.4640149741540864	-0.8352512604186684	0.40357625345047016	0.5381016712672935
Schizosaccharomycetales	Schizosaccharomycetales	7.198794111912175	-0.9064480784896741	0.3451066863920663	-2.6265735038812985	0.00862493622845889	0.023340489547164417
Sordariales	Sordariales	11.008342020776325	0.10009485272918606	0.29959690263059996	0.3340984230821706	0.7383052899711204	0.7383052899711204
Tremellales	Tremellales	24.992440791681965	-1.9392184754220405	0.5640517630520487	-3.438015094446387	5.859950322736335e-4	0.002343980129094534
Ustilaginales	Ustilaginales	880.5785279470349	0.24819766367331347	0.499739568438385	0.496654016108622	0.619433054766663	0.6757451506545414
