Gene	Geneid	baseMean	log2FoldChange	lfcSE	stat	pvalue	padj
Eurotiales	Eurotiales	20.32115677366812	0.47870286017304775	0.31160519224378974	1.536248021818989	0.12447756228001128	0.18671634342001692
Glomerellales	Glomerellales	49.237254551904606	0.7758396609991859	0.4313021803740782	1.7988308343961594	0.07204544419647513	0.15370210209186472
Helotiales	Helotiales	9.072762111002449	0.7767746250815766	0.27457404667285334	2.829016924556894	0.004669122970726686	0.018676491882906744
Hypocreales	Hypocreales	52.97762111589181	-0.6806276115524276	0.23971813214071408	-2.8392829756945566	0.004521504021968697	0.018676491882906744
Magnaporthales	Magnaporthales	5.1319560629193886	0.41255409950450905	0.23317933839792812	1.7692566688754905	0.07685105104593236	0.15370210209186472
Malasseziales	Malasseziales	190.8805987516632	1.1974227380108276e-4	0.4045889920052167	2.9596028603649907e-4	0.9997638578606081	0.9997638578606081
Mycosphaerellales	Mycosphaerellales	9.143910003591307	0.869055899499373	0.23591444538968576	3.6837756927680205	2.2980448199043827e-4	0.0027576537838852593
Saccharomycetales	Saccharomycetales	1459.783079333622	0.2589207615406224	0.33945140431974336	0.7627623814357067	0.44560511986077594	0.4861146762117555
Schizosaccharomycetales	Schizosaccharomycetales	7.3309730824098125	-0.5307076351307691	0.2480098572349708	-2.1398650886201	0.03236567119605366	0.09709701358816097
Sordariales	Sordariales	10.096111392458377	0.20829007708560102	0.21292876928872018	0.9782148170084554	0.3279680896666333	0.43729078622217776
Tremellales	Tremellales	25.395871486871357	-0.6708072006412192	0.40940945099803067	-1.638475123146207	0.10132261933789365	0.17369591886496052
Ustilaginales	Ustilaginales	930.1365199173523	0.3133184725981818	0.35847047070991733	0.8740426288884654	0.3820950390639822	0.4585140468767786
