Gene	Geneid	baseMean	log2FoldChange	lfcSE	stat	pvalue	padj
Eurotiales	Eurotiales	20.32115677366812	-0.12270116027484844	0.3117050753254148	-0.39364505100454494	0.6938431152659983	0.8326117383191979
Glomerellales	Glomerellales	49.237254551904606	-0.019494195267539722	0.4315507854330314	-0.04517242448760381	0.9639698738770545	0.9639698738770545
Helotiales	Helotiales	9.072762111002449	-0.32618573553358915	0.2752194407397019	-1.1851842103047159	0.23594462148793843	0.5409239205713603
Hypocreales	Hypocreales	52.97762111589181	-0.9020339204664987	0.23974564466833148	-3.7624621782572483	1.682487583800818e-4	0.0020189851005609815
Magnaporthales	Magnaporthales	5.1319560629193886	0.1915055494885779	0.23336615088697743	0.820622651402974	0.4118612412179359	0.7060478420878901
Malasseziales	Malasseziales	190.8805987516632	0.6365484134604259	0.4045148696386816	1.573609430053832	0.11557777180219884	0.4623110872087954
Mycosphaerellales	Mycosphaerellales	9.143910003591307	-0.5870279909267122	0.23647333471795057	-2.482427845942459	0.013049049214530793	0.07829429528718476
Saccharomycetales	Saccharomycetales	1459.783079333622	-0.13742472861057747	0.33949062628354026	-0.4047968278682348	0.6856268606911431	0.8326117383191979
Schizosaccharomycetales	Schizosaccharomycetales	7.3309730824098125	-0.012251717173935073	0.24736945870328234	-0.04952801060470003	0.9604985153516208	0.9639698738770545
Sordariales	Sordariales	10.096111392458377	0.23460341616103508	0.21288889067198563	1.1019993359940359	0.27046196028568015	0.5409239205713603
Tremellales	Tremellales	25.395871486871357	0.2767547157916492	0.4091145316557057	0.6764724652326816	0.49874072226440475	0.7481110833966071
Ustilaginales	Ustilaginales	930.1365199173523	0.5019437218034974	0.35840515614164487	1.4004924683759987	0.16136589721586672	0.4840976916476002
