Gene	Geneid	baseMean	log2FoldChange	lfcSE	stat	pvalue	padj
Eurotiales	Eurotiales	20.36023762341117	0.7841822595695185	0.4426587457491502	1.7715277673829264	0.07647297939876263	0.15294595879752526
Glomerellales	Glomerellales	46.935262457073435	0.20963961345317486	0.609474835726039	0.34396762780770257	0.7308706315669039	0.8566015512365217
Helotiales	Helotiales	9.086308848766851	0.10665610248314672	0.39136210850047015	0.27252536759832635	0.7852180886334783	0.8566015512365217
Hypocreales	Hypocreales	52.25658820864023	-2.9335578094210337	0.33816879198132	-8.674833038949021	4.141576615402478e-18	4.969891938482974e-17
Magnaporthales	Magnaporthales	5.136930001189815	-1.0912135415641253	0.3335720177104321	-3.2712982013718794	0.0010705496106564205	0.004282198442625682
Malasseziales	Malasseziales	183.00800665671628	1.4758144306358398	0.5673403337043695	2.6012859353744786	0.009287500749881597	0.022290001799715832
Mycosphaerellales	Mycosphaerellales	9.528849778728514	0.11523307576723231	0.35648279493974283	0.32325003451207357	0.7465058910113599	0.8566015512365217
Saccharomycetales	Saccharomycetales	1391.52862396535	0.34944881714735376	0.47663293423433584	0.7331612904775644	0.46346006174592747	0.7239858452347874
Schizosaccharomycetales	Schizosaccharomycetales	7.198794111912175	0.934600581781367	0.35354941305938564	2.6434793758924506	0.008205876462060212	0.022290001799715832
Sordariales	Sordariales	11.008342020776325	-0.21425594614865168	0.3051926101605166	-0.7020351706286839	0.48265723015652495	0.7239858452347874
Tremellales	Tremellales	24.992440791681965	1.9989586745871717	0.5787597678918692	3.453865982890229	5.52611917748419e-4	0.0033156715064905137
Ustilaginales	Ustilaginales	880.5785279470349	-0.08887445682227915	0.5109437215258574	-0.17394177299384128	0.8619112229003278	0.8619112229003278
