Gene	Geneid	baseMean	log2FoldChange	lfcSE	stat	pvalue	padj
Eurotiales	Eurotiales	20.36023762341117	0.1466284062096985	0.14935876542375998	0.981719457801389	0.3262380767704735	0.3262380767704735
Glomerellales	Glomerellales	46.935262457073435	3.6651494117036405	0.1922023036759647	19.069227275666496	4.549782745996232e-81	5.459739295195478e-80
Helotiales	Helotiales	9.086308848766851	0.19108885218895674	0.14625588475531956	1.306537870312986	0.19136970926803643	0.2296436511216437
Hypocreales	Hypocreales	52.25658820864023	0.44869605887087444	0.10318433955924461	4.348489904451536	1.3707812740580874e-5	3.28987505773941e-5
Magnaporthales	Magnaporthales	5.136930001189815	-0.21847505907977954	0.14585161049030437	-1.4979269570307754	0.13415222900462972	0.17886963867283961
Malasseziales	Malasseziales	183.00800665671628	0.18004344178116907	0.16496070081057282	1.0914323284060004	0.2750826936901834	0.30009021129838187
Mycosphaerellales	Mycosphaerellales	9.528849778728514	-0.22758165763491373	0.1255763152150535	-1.8122976235221808	0.06994022156977746	0.10491033235466618
Saccharomycetales	Saccharomycetales	1391.52862396535	-0.7510662312534868	0.14689342755787432	-5.113000926862949	3.1708074190300305e-7	9.512422257090092e-7
Schizosaccharomycetales	Schizosaccharomycetales	7.198794111912175	-0.5317007999255485	0.1278825925617791	-4.1577261554866265	3.2143100612676434e-5	6.428620122535287e-5
Sordariales	Sordariales	11.008342020776325	-0.310584180205888	0.11903254736639528	-2.609237448728	0.00907442511410577	0.015556157338467035
Tremellales	Tremellales	24.992440791681965	2.371196557823132	0.1892421493658975	12.529959978622156	5.118850134907283e-36	3.07131008094437e-35
Ustilaginales	Ustilaginales	880.5785279470349	-0.7578869651005327	0.14788438628762857	-5.124861279313667	2.97756889412962e-7	9.512422257090092e-7
