Gene	Geneid	baseMean	log2FoldChange	lfcSE	stat	pvalue	padj
Eurotiales	Eurotiales	20.36023762341117	-0.4320505418765136	0.14315616727741745	-3.0180365267760876	0.0025441823704810294	0.004361455492253193
Glomerellales	Glomerellales	46.935262457073435	0.9247410728377579	0.1831901191042994	5.047985542884309	4.4649292475813693e-7	1.0715830194195286e-6
Helotiales	Helotiales	9.086308848766851	0.35104115553936677	0.1411018064190063	2.487857274462801	0.012851529698445998	0.017135372931261328
Hypocreales	Hypocreales	52.25658820864023	0.023177169801029875	0.10435585290725276	0.2220974593694213	0.824238015603954	0.824238015603954
Magnaporthales	Magnaporthales	5.136930001189815	0.13930851119256263	0.13719412504080386	1.0154116377150255	0.309909647849163	0.33808325219908686
Malasseziales	Malasseziales	183.00800665671628	-1.8035622800774092	0.17014015145902364	-10.600450655598346	2.965477607360506e-26	1.1861910429442024e-25
Mycosphaerellales	Mycosphaerellales	9.528849778728514	0.38931287344816434	0.1273903496434254	3.056062523871538	0.002242644849063472	0.004361455492253193
Saccharomycetales	Saccharomycetales	1391.52862396535	-3.4368249789092205	0.14508208874711864	-23.688830293170675	4.700373892664986e-124	5.6404486711979824e-123
Schizosaccharomycetales	Schizosaccharomycetales	7.198794111912175	0.6820939624651999	0.13444019213085726	5.073586638445773	3.903866066850691e-7	1.0715830194195286e-6
Sordariales	Sordariales	11.008342020776325	-0.2885984523849523	0.1129799558115633	-2.5544217141162555	0.01063643452002596	0.01595465178003894
Tremellales	Tremellales	24.992440791681965	0.23885997145936985	0.17665228917147532	1.3521476148407559	0.1763280978434737	0.21159371741216842
Ustilaginales	Ustilaginales	880.5785279470349	-3.3974739007153407	0.15312173916701446	-22.188057157642483	4.479307067542086e-109	2.6875842405252517e-108
