Gene	Geneid	baseMean	log2FoldChange	lfcSE	stat	pvalue	padj
Eurotiales	Eurotiales	20.32115677366812	-0.4532523343645535	0.14509682897617276	-3.1237921432382563	0.0017853653022292402	0.0026780479533438603
Glomerellales	Glomerellales	49.237254551904606	0.9773488967650311	0.1867447741700797	5.233607746768328	1.662330309756541e-7	3.989592743415699e-7
Helotiales	Helotiales	9.072762111002449	0.35182046308748094	0.14205953506356264	2.476570565503143	0.013265139981447478	0.017686853308596637
Hypocreales	Hypocreales	52.97762111589181	0.04943304727279995	0.1057269413445608	0.46755393321839506	0.6401036147710735	0.6401036147710735
Magnaporthales	Magnaporthales	5.1319560629193886	0.16400834386333032	0.13839938068435398	1.1850366891263946	0.2360029410166168	0.25745775383630926
Malasseziales	Malasseziales	190.8805987516632	-1.775145755793544	0.17375174623574083	-10.216563541094331	1.6716214158679697e-24	6.686485663471879e-24
Mycosphaerellales	Mycosphaerellales	9.143910003591307	0.4189265469043073	0.12248417953580124	3.420250260008952	6.256355133787239e-4	0.001072518022934955
Saccharomycetales	Saccharomycetales	1459.783079333622	-3.4650157746784056	0.14860789081795625	-23.316499249175326	3.0157813498093733e-120	3.618937619771248e-119
Schizosaccharomycetales	Schizosaccharomycetales	7.3309730824098125	0.7195139216780538	0.1360115086265925	5.290095881911106	1.2225225426609002e-7	3.667567627982701e-7
Sordariales	Sordariales	10.096111392458377	-0.4156864515076012	0.11340536383323689	-3.665491979011416	2.468635491514971e-4	4.937270983029942e-4
Tremellales	Tremellales	25.395871486871357	0.27220371686388833	0.17964363182415277	1.5152427842827159	0.12971093188453445	0.15565311826144132
Ustilaginales	Ustilaginales	930.1365199173523	-3.360258334456075	0.1536308117132054	-21.872294346325077	4.769770929426698e-106	2.8618625576560192e-105
