Gene	Geneid	baseMean	log2FoldChange	lfcSE	stat	pvalue	padj
Eurotiales	Eurotiales	20.36023762341117	0.578639828299847	0.1892116488829712	3.058161755451642	0.002226993306083792	0.0029693244081117225
Glomerellales	Glomerellales	46.935262457073435	2.740407711824061	0.2458173710134078	11.148145066097012	7.311463926988672e-29	2.9245855707954687e-28
Helotiales	Helotiales	9.086308848766851	-0.16061658075126287	0.1866702634061203	-0.8604293893442739	0.3895523911314467	0.4249662448706691
Hypocreales	Hypocreales	52.25658820864023	0.42549044746353637	0.13525357813750796	3.1458720229268455	0.001655924467388237	0.0024838867010823556
Magnaporthales	Magnaporthales	5.136930001189815	-0.35750266190417257	0.18057172479597686	-1.9798374430332613	0.04772179754507186	0.05726615705408623
Malasseziales	Malasseziales	183.00800665671628	1.983604175753129	0.21820766815030118	9.090442112175568	9.863714011715289e-20	2.959114203514587e-19
Mycosphaerellales	Mycosphaerellales	9.528849778728514	-0.6151677434684888	0.16395830970022834	-3.751976612793978	1.7544583425524793e-4	3.007642872947107e-4
Saccharomycetales	Saccharomycetales	1391.52862396535	2.6857654825635953	0.1879013059891852	14.293490236401958	2.4025987817973676e-46	2.883118538156841e-45
Schizosaccharomycetales	Schizosaccharomycetales	7.198794111912175	-1.2146263098413188	0.16891351984898972	-7.190817590724568	6.440447933381402e-13	1.2880895866762804e-12
Sordariales	Sordariales	11.008342020776325	-0.021295879150163413	0.14854982612405665	-0.1433584926069105	0.8860070624117703	0.8860070624117703
Tremellales	Tremellales	24.992440791681965	2.132619894469559	0.23992808257676673	8.888579742586872	6.189495724098622e-19	1.4854789737836694e-18
Ustilaginales	Ustilaginales	880.5785279470349	2.6389948374381405	0.19611373344053482	13.456450964145919	2.821459415784353e-41	1.6928756494706118e-40
