Gene	Geneid	baseMean	log2FoldChange	lfcSE	stat	pvalue	padj
Eurotiales	Eurotiales	20.32115677366812	0.5786362599128079	0.19192528758784375	3.0149037012538926	0.002570608587442348	0.003427478116589797
Glomerellales	Glomerellales	49.237254551904606	2.7455491659198543	0.2508567036639733	10.944691235349895	7.045737782247951e-28	2.8182951128991805e-27
Helotiales	Helotiales	9.072762111002449	-0.18163669960901696	0.1879759965643874	-0.966276029539766	0.33390607728672894	0.3642611752218861
Hypocreales	Hypocreales	52.97762111589181	0.4205700110614672	0.1372182127640788	3.0649722262784396	0.0021769021161064106	0.003265353174159616
Magnaporthales	Magnaporthales	5.1319560629193886	-0.34117713091839286	0.1827259401036908	-1.8671521444890984	0.061880344313138554	0.07425641317576626
Malasseziales	Malasseziales	190.8805987516632	1.963210269358464	0.22312581391584413	8.798669391516142	1.3844790144770302e-18	3.538830997627871e-18
Mycosphaerellales	Mycosphaerellales	9.143910003591307	-0.6665803633463753	0.15765168065114996	-4.228184314897204	2.3558476833634396e-5	4.038596028623039e-5
Saccharomycetales	Saccharomycetales	1459.783079333622	2.678098120141468	0.19254631651522935	13.908851483687798	5.597099588736695e-44	6.7165195064840344e-43
Schizosaccharomycetales	Schizosaccharomycetales	7.3309730824098125	-1.242073308085355	0.17097422073600393	-7.2646817908484715	3.7391744487135e-13	7.478348897427e-13
Sordariales	Sordariales	10.096111392458377	0.007974325567331603	0.14897120824854265	0.05352930718013166	0.9573101803638143	0.9573101803638143
Tremellales	Tremellales	25.395871486871357	2.148200133538318	0.2443470269980399	8.79159513389762	1.4745129156782795e-18	3.538830997627871e-18
Ustilaginales	Ustilaginales	930.1365199173523	2.6167340096134564	0.19703096110610901	13.280826500177508	2.990747505176e-40	1.7944485031056e-39
