Gene	Geneid	baseMean	log2FoldChange	lfcSE	stat	pvalue	padj
Eurotiales	Eurotiales	20.36023762341117	0.1465892864233334	0.14947890592678595	0.9806687138527234	0.3267561369661705	0.3267561369661705
Glomerellales	Glomerellales	46.935262457073435	3.665148784661819	0.1922002137886293	19.069431362300865	4.53206209337233e-81	5.438474512046796e-80
Helotiales	Helotiales	9.086308848766851	0.1904245747881039	0.1472664946011072	1.293061095152001	0.19598992945200092	0.23518791534240108
Hypocreales	Hypocreales	52.25658820864023	0.4486676172645662	0.10378355239000933	4.323109075882403	1.538456226557664e-5	3.692294943738394e-5
Magnaporthales	Magnaporthales	5.136930001189815	-0.21819415071160994	0.14596942981889532	-1.4947934713612572	0.13496835072038915	0.17995780096051886
Malasseziales	Malasseziales	183.00800665671628	0.18004189567572007	0.16563595508011866	1.0869735112079573	0.27704851638145	0.3022347451434
Mycosphaerellales	Mycosphaerellales	9.528849778728514	-0.22585487002032448	0.1267419794590098	-1.7820052281365009	0.07474837916638272	0.11212256874957408
Saccharomycetales	Saccharomycetales	1391.52862396535	-0.7510594963456251	0.14695624767804538	-5.110769417514394	3.208493947677825e-7	1.0019205511273614e-6
Schizosaccharomycetales	Schizosaccharomycetales	7.198794111912175	-0.5325323473761189	0.12819377274910732	-4.154120250586253	3.265414269409197e-5	6.530828538818394e-5
Sordariales	Sordariales	11.008342020776325	-0.3098943315351157	0.11977094750957328	-2.5873915000158605	0.009670564627346183	0.016578110789736315
Tremellales	Tremellales	24.992440791681965	2.3714798659289285	0.18946605755720225	12.516647554208744	6.053854852546205e-36	3.632312911527723e-35
Ustilaginales	Ustilaginales	880.5785279470349	-0.7584790632772002	0.14862838842150033	-5.103191061496297	3.339735170424538e-7	1.0019205511273614e-6
