Gene	Geneid	baseMean	log2FoldChange	lfcSE	stat	pvalue	padj
Eurotiales	Eurotiales	20.36023762341117	-0.8830005239217882	1.0388640087155496	-0.8499673840982604	0.39534321995220767	0.9665425825168091
Glomerellales	Glomerellales	46.935262457073435	-0.5001951999436092	1.460658049350315	-0.3424451055920245	0.7320159486981161	0.9665425825168091
Helotiales	Helotiales	9.086308848766851	-0.7764591217731639	0.9826027538623171	-0.7902065394393978	0.42940715757434395	0.9665425825168091
Hypocreales	Hypocreales	52.25658820864023	0.026275960048193908	0.8706443593623973	0.030179900398638885	0.9759235783875169	0.9759235783875169
Magnaporthales	Magnaporthales	5.136930001189815	-0.1311882385865724	0.8344610491428263	-0.15721313621688077	0.8750768758350908	0.9665425825168091
Malasseziales	Malasseziales	183.00800665671628	0.6964084532081866	1.3369354287189188	0.5208990937397033	0.6024370667719772	0.9665425825168091
Mycosphaerellales	Mycosphaerellales	9.528849778728514	1.1319671914264822	0.9569006410759316	1.1829516491427021	0.23682831032669796	0.9665425825168091
Saccharomycetales	Saccharomycetales	1391.52862396535	-0.5573551939981979	1.1155748800402425	-0.49961253517835774	0.6173479297325409	0.9665425825168091
Schizosaccharomycetales	Schizosaccharomycetales	7.198794111912175	0.37950146928400197	1.0728236877436403	0.35374076245666086	0.7235331711822377	0.9665425825168091
Sordariales	Sordariales	11.008342020776325	-0.5155757101792803	0.8694094716849149	-0.5930182807648678	0.553168918143059	0.9665425825168091
Tremellales	Tremellales	24.992440791681965	-0.7028640282086783	1.6209545675847958	-0.43361118335101634	0.6645708123577535	0.9665425825168091
Ustilaginales	Ustilaginales	880.5785279470349	0.17380254702662049	1.2122592915926957	0.14337076913493851	0.8859973673070751	0.9665425825168091
