Gene	Geneid	baseMean	log2FoldChange	lfcSE	stat	pvalue	padj
Eurotiales	Eurotiales	20.32115677366812	-0.9153223708091596	1.0500954112893777	-0.871656385666199	0.38339586020942973	0.9845862991599563
Glomerellales	Glomerellales	49.237254551904606	-0.5296568390389254	1.4832433043378135	-0.35709369965798565	0.721021660915113	0.9845862991599563
Helotiales	Helotiales	9.072762111002449	-0.8023485731585346	0.9859596272570471	-0.8137742671986267	0.415774279314712	0.9845862991599563
Hypocreales	Hypocreales	52.97762111589181	-0.006925859421940769	0.8781520799492665	-0.007886856479735147	0.9937072642189405	0.9937072642189405
Magnaporthales	Magnaporthales	5.1319560629193886	-0.1538917375526828	0.8385533035034682	-0.18352051910084247	0.8543896202618912	0.9845862991599563
Malasseziales	Malasseziales	190.8805987516632	0.677382874052027	1.360325486593629	0.4979564675717806	0.6185147256411074	0.9845862991599563
Mycosphaerellales	Mycosphaerellales	9.143910003591307	1.0975532303260072	0.9195491559717657	1.1935775517798497	0.23264325940967942	0.9845862991599563
Saccharomycetales	Saccharomycetales	1459.783079333622	-0.5908305020218382	1.137827245507649	-0.5192620447036627	0.6035780175372172	0.9845862991599563
Schizosaccharomycetales	Schizosaccharomycetales	7.3309730824098125	0.353503480949512	1.0805722035195593	0.3271447107357628	0.7435584363645138	0.9845862991599563
Sordariales	Sordariales	10.096111392458377	-0.536790994859747	0.86536589781355	-0.6203052329841208	0.5350568503494115	0.9845862991599563
Tremellales	Tremellales	25.395871486871357	-0.7258397310144039	1.6372881924168141	-0.44331824682799803	0.657535559471082	0.9845862991599563
Ustilaginales	Ustilaginales	930.1365199173523	0.14864198914658705	1.213834355894028	0.1224565678379629	0.9025374408966267	0.9845862991599563
