Gene	Geneid	baseMean	log2FoldChange	lfcSE	stat	pvalue	padj
Eurotiales	Eurotiales	20.32115677366812	-0.3198656517257272	0.14278937526769653	-2.2401222158585274	0.025082989639409935	0.07295768601119497
Glomerellales	Glomerellales	49.237254551904606	-0.2401262652833795	0.2015460105712625	-1.191421574670543	0.23348812744143144	0.3363518160616488
Helotiales	Helotiales	9.072762111002449	-0.32821078426386435	0.1308877375253606	-2.507574739003115	0.012156287045043622	0.048625148180174486
Hypocreales	Hypocreales	52.97762111589181	0.32930448889842845	0.1119712860269775	2.9409726420315323	0.003271834293499795	0.01963100576099877
Magnaporthales	Magnaporthales	5.1319560629193886	0.13423804807548798	0.12140819159444195	1.10567537752233	0.26886705106953096	0.3363518160616488
Malasseziales	Malasseziales	190.8805987516632	-0.20673858506039397	0.19148472596495994	-1.079660970443279	0.28029318005137405	0.3363518160616488
Mycosphaerellales	Mycosphaerellales	9.143910003591307	0.06742408808886481	0.11906288894850575	0.5662897035702323	0.5711968586811671	0.5711968586811671
Saccharomycetales	Saccharomycetales	1459.783079333622	-0.24304405301076604	0.1521188502327859	-1.5977247569176223	0.11010424653362516	0.18875013691478598
Schizosaccharomycetales	Schizosaccharomycetales	7.3309730824098125	-0.5350504684990209	0.12129881313704496	-4.4110115726731305	1.028888183874926e-5	1.2346658206499112e-4
Sordariales	Sordariales	10.096111392458377	0.2305110048634855	0.10697786100682222	2.154754289289681	0.031181066992033102	0.07295768601119497
Tremellales	Tremellales	25.395871486871357	0.3893456913892229	0.18615180280189364	2.0915493996239842	0.036478843005597485	0.07295768601119497
Ustilaginales	Ustilaginales	930.1365199173523	0.10314324553792228	0.16740516217102797	0.6161294203851786	0.5378091060791843	0.5711968586811671
