Gene	Geneid	baseMean	log2FoldChange	lfcSE	stat	pvalue	padj
Eurotiales	Eurotiales	20.36023762341117	-0.31513504178974105	0.14121204476686988	-2.231644207900286	0.025638487382520073	0.06790970258331382
Glomerellales	Glomerellales	46.935262457073435	-0.24441724275456456	0.1983139775786247	-1.2324761256813654	0.21777127952186376	0.3266569192827956
Helotiales	Helotiales	9.086308848766851	-0.324498607765827	0.13039252183965033	-2.488628973407523	0.012823671526227596	0.051294686104910385
Hypocreales	Hypocreales	52.25658820864023	0.32606026438374536	0.11080050469943219	2.9427687650723877	0.0032529128886521308	0.019517477331912784
Magnaporthales	Magnaporthales	5.136930001189815	0.1321809571268062	0.12076950829249472	1.0944894865902228	0.27374035586841133	0.34364318320093284
Malasseziales	Malasseziales	183.00800665671628	-0.20068932131611758	0.18824268171074396	-1.0661201779121448	0.2863693193341107	0.34364318320093284
Mycosphaerellales	Mycosphaerellales	9.528849778728514	0.07480625315520914	0.12482101023058016	0.5993081855131644	0.5489673903821338	0.5489673903821338
Saccharomycetales	Saccharomycetales	1391.52862396535	-0.24070222573202762	0.14887070075364486	-1.6168542534796553	0.10590974512658569	0.1815595630741469
Schizosaccharomycetales	Schizosaccharomycetales	7.198794111912175	-0.5328195497795067	0.11998434976513656	-4.440742070298957	8.964919577118317e-6	1.0757903492541981e-4
Sordariales	Sordariales	11.008342020776325	0.22933383957672554	0.10759371765503913	2.131479835207504	0.03304963195350896	0.06790970258331382
Tremellales	Tremellales	24.992440791681965	0.38887325816598556	0.18337823887573146	2.1206074425739816	0.03395485129165691	0.06790970258331382
Ustilaginales	Ustilaginales	880.5785279470349	0.1027202972986071	0.16721365552634648	0.6143056736321533	0.5390133540561557	0.5489673903821338
