Gene	Geneid	baseMean	log2FoldChange	lfcSE	stat	pvalue	padj
Eurotiales	Eurotiales	20.36023762341117	0.12455661896479979	0.1279062537199155	0.9738117984250353	0.3301499938366694	0.49301400030040776
Glomerellales	Glomerellales	46.935262457073435	-0.10192075887696576	0.1799567557467354	-0.566362504447487	0.5711473784101657	0.6230698673565443
Helotiales	Helotiales	9.086308848766851	0.20906504785817923	0.11633493491071349	1.7970960143540344	0.07232037835749258	0.14464075671498516
Hypocreales	Hypocreales	52.25658820864023	0.09017951916457626	0.1005433155890295	0.8969220741952132	0.3697605002253058	0.49301400030040776
Magnaporthales	Magnaporthales	5.136930001189815	0.20097398350691933	0.10949031729759152	1.835541155303056	0.06642554698619674	0.14464075671498516
Malasseziales	Malasseziales	183.00800665671628	3.5338294124083	0.1664964985592695	21.224647022533784	5.654923542166231e-100	6.7859082505994765e-99
Mycosphaerellales	Mycosphaerellales	9.528849778728514	0.12013893087643329	0.1122387885167056	1.0703869176078271	0.2844451854588275	0.48762031792941857
Saccharomycetales	Saccharomycetales	1391.52862396535	-0.39162857907561077	0.1353702742500701	-2.893017549422657	0.003815599770332886	0.015262399081331543
Schizosaccharomycetales	Schizosaccharomycetales	7.198794111912175	-0.2658532632614923	0.10770861445864977	-2.4682637001477312	0.013577025973623352	0.04073107792087005
Sordariales	Sordariales	11.008342020776325	0.36663698328403505	0.09686234261156683	3.785134381421135	1.5362554207012195e-4	9.217532524207317e-4
Tremellales	Tremellales	24.992440791681965	0.10943113349576235	0.1668574760650397	0.6558359629814068	0.5119296744095072	0.6143156092914086
Ustilaginales	Ustilaginales	880.5785279470349	0.05413548257645981	0.15151629236587308	0.3572914947373215	0.720873596574658	0.720873596574658
