Gene	Geneid	baseMean	log2FoldChange	lfcSE	stat	pvalue	padj
Eurotiales	Eurotiales	20.36023762341117	0.12455291596312	0.1280358601242578	0.9727971198244177	0.3306541444461236	0.49598121666918543
Glomerellales	Glomerellales	46.935262457073435	-0.10192082061133538	0.1799546114452128	-0.5663695961598916	0.5711425585243833	0.6230646092993273
Helotiales	Helotiales	9.086308848766851	0.20811742624718482	0.11745322737056198	1.7719174764826136	0.076408256911773	0.152816513823546
Hypocreales	Hypocreales	52.25658820864023	0.09023705388137103	0.10113905354798779	0.8922078140523231	0.3722815546359018	0.49637540618120235
Magnaporthales	Magnaporthales	5.136930001189815	0.2010512192728778	0.10962143641009181	1.8340502173384121	0.06664654019433182	0.152816513823546
Malasseziales	Malasseziales	183.00800665671628	3.5336488773933765	0.16714477757890833	21.14124610160288	3.3219055162418604e-99	3.9862866194902325e-98
Mycosphaerellales	Mycosphaerellales	9.528849778728514	0.12113010505452708	0.11341756293840917	1.0680013034692535	0.2855199238231635	0.48946272655399453
Saccharomycetales	Saccharomycetales	1391.52862396535	-0.3916285788375462	0.13543545966078496	-2.891625131397855	0.0038325493828846894	0.015330197531538758
Schizosaccharomycetales	Schizosaccharomycetales	7.198794111912175	-0.2659554968290306	0.1080620083308015	-2.4611378312985126	0.013849714821383603	0.04154914446415081
Sordariales	Sordariales	11.008342020776325	0.3666953519157036	0.09763805115985727	3.755660293908714	1.728850657961643e-4	0.0010373103947769857
Tremellales	Tremellales	24.992440791681965	0.10943363981924388	0.16709602395714063	0.6549146845487664	0.5125226851588088	0.6150272221905706
Ustilaginales	Ustilaginales	880.5785279470349	0.054255510486993334	0.15222131381065776	0.3564251886202985	0.7215221685675104	0.7215221685675104
