Gene	Geneid	baseMean	log2FoldChange	lfcSE	stat	pvalue	padj
Eurotiales	Eurotiales	20.36023762341117	-0.43968795775286107	0.12395237682959039	-3.547232969621419	3.8930017388315156e-4	0.0015572006955326062
Glomerellales	Glomerellales	46.935262457073435	-0.14249642214322916	0.1750456311291405	-0.8140530056308686	0.41561458606820234	0.5541527814242697
Helotiales	Helotiales	9.086308848766851	-0.5326160340130118	0.11501814715333045	-4.6307130413341	3.644086196032659e-6	2.1864517176195952e-5
Hypocreales	Hypocreales	52.25658820864023	0.23582321050237434	0.097442086349617	2.4201371228470343	0.015514655472903897	0.03723517313496935
Magnaporthales	Magnaporthales	5.136930001189815	-0.06887026214607163	0.10730932412837392	-0.6417919664062209	0.5210082664848654	0.6252099197818385
Malasseziales	Malasseziales	183.00800665671628	-3.7343381987094943	0.16274452282733864	-22.94601461132664	1.6148653312579806e-116	1.9378383975095767e-115
Mycosphaerellales	Mycosphaerellales	9.528849778728514	-0.04632385189931794	0.11067138721152113	-0.41857116881332024	0.6755295639959391	0.7369413425410244
Saccharomycetales	Saccharomycetales	1391.52862396535	0.1509263531055186	0.13020153682079802	1.1591748975532066	0.2463849013816163	0.3695773520724245
Schizosaccharomycetales	Schizosaccharomycetales	7.198794111912175	-0.2668640529504761	0.10744623523163105	-2.483698496975482	0.013002584541194526	0.03723517313496935
Sordariales	Sordariales	11.008342020776325	-0.13736151233897806	0.09475684389394644	-1.4496210162161536	0.14716423210743285	0.25228154075559917
Tremellales	Tremellales	24.992440791681965	0.2794396183467417	0.16069424731469573	1.7389522214787245	0.0820431674116291	0.1640863348232582
Ustilaginales	Ustilaginales	880.5785279470349	0.04846478681161377	0.14718234697729402	0.32928396514216807	0.7419410629061169	0.7419410629061169
